user_name,user_id,brokerage_id
류영길,1,1
권상호,2,2
배성진,3,3
윤재호,4,1
윤현숙,5,2
최도현,6,3
윤채원,7,1
최승현,8,2
홍경희,9,3
홍지현,10,1
백준혁,11,2
강하은,12,3
오영길,13,1
이정희,14,2
김윤서,15,3
김성현,16,1
백순옥,17,2
김지은,18,3
이경숙,19,1
유상훈,20,2
이영식,21,3
류유진,22,1
지예지,23,2
류영식,24,3
이현숙,25,1
박현지,26,2
김민준,27,3
서정숙,28,1
지영일,29,2
이서윤,30,3
박영식,31,1
김현준,32,2
박영철,33,3
박정남,34,1
이윤서,35,2
성지우,36,3
허정희,37,1
이승현,38,2
안순자,39,3
이정희,40,1
장보람,41,2
양서준,42,3
김건우,43,1
김선영,44,2
이병철,45,3
최상훈,46,1
김채원,47,2
이민지,48,3
김성훈,49,1
양진우,50,2